{
  "best_reward": 0.08048697916666667,
  "best_update": 57,
  "last20_reward": 0.05128639322916666,
  "mean_reward": 0.08048697916666667,
  "approx_kl": 0.015441198833286762,
  "entropy": 0.22559085488319397,
  "policy_loss": 0.20065217465162277,
  "value_loss": 0.44137342274188995
}