{
  "best_reward": 0.07517708333333332,
  "best_update": 24,
  "last20_reward": 0.05261015625,
  "mean_reward": 0.07517708333333332,
  "approx_kl": 0.8329826593399048,
  "entropy": 0.31101545691490173,
  "policy_loss": 0.5558403730392456,
  "value_loss": 1.2211918830871582
}