{
  "best_reward": 0.29331640625,
  "best_update": 71,
  "last20_reward": 0.15943925781249998,
  "mean_reward": 0.29331640625,
  "approx_kl": 0.012242038501426578,
  "entropy": 0.4181295707821846,
  "policy_loss": -0.1593908667564392,
  "value_loss": 4.374671936035156
}