{
  "best_reward": 0.20463541666666668,
  "best_update": 92,
  "last20_reward": 0.13422718098958336,
  "mean_reward": 0.20463541666666668,
  "approx_kl": 0.06049269437789917,
  "entropy": 0.1529007852077484,
  "policy_loss": 0.09789414703845978,
  "value_loss": 2.886457920074463
}