{
  "best_reward": 0.13826692708333332,
  "best_update": 92,
  "last20_reward": 0.10005885416666664,
  "mean_reward": 0.13826692708333332,
  "approx_kl": 0.5882347822189331,
  "entropy": 2.2594985961914062,
  "policy_loss": 0.18403306603431702,
  "value_loss": 0.9567959308624268
}