{
  "best_reward": 0.1934947916666667,
  "best_update": 61,
  "last20_reward": 0.13455511067708334,
  "mean_reward": 0.1934947916666667,
  "approx_kl": 0.08121886849403381,
  "entropy": 0.13708385825157166,
  "policy_loss": -0.12098291516304016,
  "value_loss": 2.517979621887207
}