{
  "best_reward": 0.11592187499999998,
  "best_update": 63,
  "last20_reward": 0.08001295572916665,
  "mean_reward": 0.11592187499999998,
  "approx_kl": 0.32861775159835815,
  "entropy": 2.2760705947875977,
  "policy_loss": 0.22942040860652924,
  "value_loss": 2.744843006134033
}